<?xml version="1.0" encoding="UTF-8"?>
<project-private xmlns="http://www.netbeans.org/ns/project-private/1">
    <editor-bookmarks xmlns="http://www.netbeans.org/ns/editor-bookmarks/2" lastBookmarkId="0"/>
    <open-files xmlns="http://www.netbeans.org/ns/projectui-open-files/2">
        <group>
            <file>file:/C:/Users/PC%20WORLD/Downloads/loginform/src/loginform/signup.java</file>
            <file>file:/C:/Users/PC%20WORLD/Downloads/loginform/src/loginform/Loginform.java</file>
            <file>file:/C:/Users/PC%20WORLD/Downloads/loginform/src/loginform/Log.java</file>
            <file>file:/C:/Users/PC%20WORLD/Downloads/loginform/src/loginform/LOGG.java</file>
        </group>
    </open-files>
</project-private>
